{
  "total_samples": 200,
  "overall": {
    "accuracy": 0.7,
    "macro_precision": 0.5194736842105263,
    "macro_recall": 0.4646245789862811,
    "macro_f1": 0.4852516403489797,
    "micro_f1": 0.7,
    "per_class_metrics": {
      "Against": {
        "precision": 0.8245614035087719,
        "recall": 0.8468468468468469,
        "f1": 0.8355555555555555,
        "support": 111
      },
      "Neutral": {
        "precision": 0.52,
        "recall": 0.30952380952380953,
        "f1": 0.3880597014925373,
        "support": 42
      },
      "Pro": {
        "precision": 0.7333333333333333,
        "recall": 0.7021276595744681,
        "f1": 0.7173913043478262,
        "support": 47
      },
      "Unrelated": {
        "precision": 0.0,
        "recall": 0.0,
        "f1": 0.0,
        "support": 0
      }
    }
  },
  "by_topic": {
    "Taiwan Question": {
      "accuracy": 0.52,
      "macro_precision": 0.4358465608465608,
      "macro_recall": 0.28939393939393937,
      "macro_f1": 0.32519399460188936,
      "micro_f1": 0.52,
      "per_class_metrics": {
        "Against": {
          "precision": 0.8148148148148148,
          "recall": 0.7333333333333333,
          "f1": 0.7719298245614035,
          "support": 30
        },
        "Neutral": {
          "precision": 0.42857142857142855,
          "recall": 0.3333333333333333,
          "f1": 0.375,
          "support": 9
        },
        "Pro": {
          "precision": 0.5,
          "recall": 0.09090909090909091,
          "f1": 0.15384615384615385,
          "support": 11
        },
        "Unrelated": {
          "precision": 0.0,
          "recall": 0.0,
          "f1": 0.0,
          "support": 0
        }
      }
    },
    "False COVID Treatment": {
      "accuracy": 0.8,
      "macro_precision": 0.85,
      "macro_recall": 0.7648809523809524,
      "macro_f1": 0.7495126705653021,
      "micro_f1": 0.8,
      "per_class_metrics": {
        "Pro": {
          "precision": 0.75,
          "recall": 0.9375,
          "f1": 0.8333333333333334,
          "support": 16
        },
        "Against": {
          "precision": 0.8,
          "recall": 1.0,
          "f1": 0.888888888888889,
          "support": 20
        },
        "Neutral": {
          "precision": 1.0,
          "recall": 0.35714285714285715,
          "f1": 0.5263157894736842,
          "support": 14
        }
      }
    },
    "US 2020 Election": {
      "accuracy": 0.84,
      "macro_precision": 0.5134109311740891,
      "macro_recall": 0.5085084033613445,
      "macro_f1": 0.5092592592592593,
      "micro_f1": 0.84,
      "per_class_metrics": {
        "Against": {
          "precision": 0.9615384615384616,
          "recall": 0.8928571428571429,
          "f1": 0.9259259259259259,
          "support": 28
        },
        "Pro": {
          "precision": 0.8421052631578947,
          "recall": 0.9411764705882353,
          "f1": 0.8888888888888888,
          "support": 17
        },
        "Neutral": {
          "precision": 0.25,
          "recall": 0.2,
          "f1": 0.22222222222222224,
          "support": 5
        },
        "Unrelated": {
          "precision": 0.0,
          "recall": 0.0,
          "f1": 0.0,
          "support": 0
        }
      }
    },
    "Russian Ukrainian Conflict": {
      "accuracy": 0.64,
      "macro_precision": 0.3611111111111111,
      "macro_recall": 0.3593073593073593,
      "macro_f1": 0.35403726708074534,
      "micro_f1": 0.64,
      "per_class_metrics": {
        "Against": {
          "precision": 0.75,
          "recall": 0.8181818181818182,
          "f1": 0.7826086956521738,
          "support": 33
        },
        "Neutral": {
          "precision": 0.4444444444444444,
          "recall": 0.2857142857142857,
          "f1": 0.34782608695652173,
          "support": 14
        },
        "Unrelated": {
          "precision": 0.0,
          "recall": 0.0,
          "f1": 0.0,
          "support": 0
        },
        "Pro": {
          "precision": 0.25,
          "recall": 0.3333333333333333,
          "f1": 0.28571428571428575,
          "support": 3
        }
      }
    }
  },
  "label_distribution": {
    "ground_truth": {
      "Pro": 47,
      "Neutral": 42,
      "Against": 111
    },
    "predictions": {
      "Pro": 45,
      "Unrelated": 16,
      "Neutral": 25,
      "Against": 114
    }
  }
}